Country,GroundTruth,Prediction
Australia ,20264082,16955.568
Belgium ,10379067,12970.09
Bolivia ,8989046,13823.071
Brazil ,188078227,14570.558
Cambodia ,13881427,14076.114
Chile ,16134219,13900.964
China ,1313973713,16861.568
Cuba ,11382820,14076.133
Denmark ,5450661,13228.146
Finland ,5231372,13069.697
France ,60876136,15854.346
Germany ,82422299,15680.46
Ghana ,22409572,13116.681
Greece ,10688058,13295.451
Iceland ,299388,13003.924
India ,1095351995,15397.894
Iraq ,26783383,13912.606
Israel ,6352117,14707.479
Japan ,127463611,16005.049
Jordan ,5906760,14283.424
Kenya ,34707817,17346.34
Liberia ,3042004,16066.508
Libya ,5900754,16431.055
Macedonia ,2050554,17033.69
Mexico ,107449525,19743.086
Nepal ,28287147,17823.135
Nicaragua ,5570129,16086.495
Nigeria ,131859731,17823.135
Norway ,4610820,16641.191
Pakistan ,165803560,19675.682
Panama ,3191319,14986.557
Poland ,38536869,15920.744
Qatar ,885359,17179.26
Russia ,142893540,18992.178
Serbia ,9396411,14238.521
Slovenia ,2010347,16173.239
Sudan ,41236378,16173.239
Sweden ,9016596,15067.282
Switzerland ,7523934,15067.282
Taiwan ,23036087,14149.835
Turkey ,70413958,15715.7295
Uganda ,28195754,14473.921
Ukraine ,46710816,15948.434
United States ,298444215,15916.444
Venezuela ,25730435,13875.955
Vietnam ,84402966,13875.955
Yemen ,21456188,14258.677
Zambia ,11502010,14622.734
